city,series_ticker,market_type,event_ticker,market_ticker,forecast_date,title,close_time,forecast_daily_temp_f,forecast_nws_temp_f,forecast_alt_temp_f,forecast_open_meteo_temp_f,forecast_weight_nws,forecast_weight_alt,forecast_weight_open_meteo,forecast_disagreement_open_nws,forecast_disagreement_nws_alt,forecast_disagreement,sigma_f,market_yes_mid,fair_yes,fair_yes_calibrated,fair_no,edge_yes,edge_no,best_side,best_edge,effective_edge,spread,confidence_score,same_day,no_trade_flag,run_hour,yes_bid,yes_ask,run_ts_utc,obs_temp_f,actual_high_temp_f,actual_low_temp_f,actual_outcome_yes,obs_context,rules_primary,strike_type,floor_strike,cap_strike,forecast_nws_max_f,forecast_alt_max_f,forecast_open_meteo_max_f
Austin,KXHIGHAUS,high,KXHIGHAUS-26MAR22,KXHIGHAUS-26MAR22-B92.5,2026-03-22,"Will the **high temp in Austin** be 92-93° on Mar 22, 2026?",2026-03-23T05:59:00Z,93.16,94.0,94.0,89.78,0.5,0.3,0.2,4.22,0.0,4.22,3.8,0.565,0.2046,0.2046,0.7954,-0.3604,0.3604,NO,0.3604,0.3554,0.01,0.0354,True,True,16,0.56,0.57,2026-03-22T16:08:26.188477+00:00,73.4,,,,station=https://api.weather.gov/stations/KAUS; obs_time=2026-03-22T15:45:00+00:00; obs_temp_f=73.4,"If the highest temperature recorded in Austin Bergstrom for March 22, 2026 as reported by the National Weather Service's Climatological Report (Daily), is between 92-93°, then the market resolves to Yes.",between,92,93,94.0,94.0,89.78
Miami,KXHIGHMIA,high,KXHIGHMIA-26MAR22,KXHIGHMIA-26MAR22-B81.5,2026-03-22,"Will the **high temp in Miami** be 81-82° on Mar 22, 2026?",2026-03-23T04:59:00Z,80.1,80.0,81.0,78.98,0.5,0.3,0.2,1.02,1.0,1.02,2.5,0.575,0.2677,0.2677,0.7323,-0.3073,0.3073,NO,0.3073,0.3023,0.01,0.1803,True,False,16,0.57,0.58,2026-03-22T16:08:24.115953+00:00,77.0,,,,station=https://api.weather.gov/stations/KMIA; obs_time=2026-03-22T15:50:00+00:00; obs_temp_f=77.0,"If the highest temperature recorded at Miami International Airport for March 22, 2026 as reported by the National Weather Service's Climatological Report (Daily), is between 81-82°, then the market resolves to Yes.",between,81,82,80.0,81.0,78.98
Austin,KXHIGHAUS,high,KXHIGHAUS-26MAR22,KXHIGHAUS-26MAR22-B94.5,2026-03-22,"Will the **high temp in Austin** be 94-95° on Mar 22, 2026?",2026-03-23T05:59:00Z,93.16,94.0,94.0,89.78,0.5,0.3,0.2,4.22,0.0,4.22,3.8,0.335,0.1953,0.1953,0.8047,-0.1397,0.1397,NO,0.1397,0.1347,0.01,0.0,True,True,16,0.33,0.34,2026-03-22T16:08:26.188445+00:00,73.4,,,,station=https://api.weather.gov/stations/KAUS; obs_time=2026-03-22T15:45:00+00:00; obs_temp_f=73.4,"If the highest temperature recorded in Austin Bergstrom for March 22, 2026 as reported by the National Weather Service's Climatological Report (Daily), is between 94-95°, then the market resolves to Yes.",between,94,95,94.0,94.0,89.78
Miami,KXHIGHMIA,high,KXHIGHMIA-26MAR22,KXHIGHMIA-26MAR22-B79.5,2026-03-22,"Will the **high temp in Miami** be 79-80° on Mar 22, 2026?",2026-03-23T04:59:00Z,80.1,80.0,81.0,78.98,0.5,0.3,0.2,1.02,1.0,1.02,2.5,0.165,0.3026,0.3026,0.6974,0.1376,-0.1376,YES,0.1376,0.1326,0.01,0.0106,True,True,16,0.16,0.17,2026-03-22T16:08:24.115988+00:00,77.0,,,,station=https://api.weather.gov/stations/KMIA; obs_time=2026-03-22T15:50:00+00:00; obs_temp_f=77.0,"If the highest temperature recorded at Miami International Airport for March 22, 2026 as reported by the National Weather Service's Climatological Report (Daily), is between 79-80°, then the market resolves to Yes.",between,79,80,80.0,81.0,78.98
Miami,KXHIGHMIA,high,KXHIGHMIA-26MAR22,KXHIGHMIA-26MAR22-B83.5,2026-03-22,"Will the **high temp in Miami** be 83-84° on Mar 22, 2026?",2026-03-23T04:59:00Z,80.1,80.0,81.0,78.98,0.5,0.3,0.2,1.02,1.0,1.02,2.5,0.265,0.1291,0.1291,0.8709,-0.1359,0.1359,NO,0.1359,0.1309,0.01,0.0089,True,True,16,0.26,0.27,2026-03-22T16:08:24.115906+00:00,77.0,,,,station=https://api.weather.gov/stations/KMIA; obs_time=2026-03-22T15:50:00+00:00; obs_temp_f=77.0,"If the highest temperature recorded at Miami International Airport for March 22, 2026 as reported by the National Weather Service's Climatological Report (Daily), is between 83-84°, then the market resolves to Yes.",between,83,84,80.0,81.0,78.98
Austin,KXHIGHAUS,high,KXHIGHAUS-26MAR22,KXHIGHAUS-26MAR22-B96.5,2026-03-22,"Will the **high temp in Austin** be 96-97° on Mar 22, 2026?",2026-03-23T05:59:00Z,93.16,94.0,94.0,89.78,0.5,0.3,0.2,4.22,0.0,4.22,3.8,0.035,0.1422,0.1422,0.8578,0.1072,-0.1072,YES,0.1072,0.1022,0.01,0.0,True,True,16,0.03,0.04,2026-03-22T16:08:26.188403+00:00,73.4,,,,station=https://api.weather.gov/stations/KAUS; obs_time=2026-03-22T15:45:00+00:00; obs_temp_f=73.4,"If the highest temperature recorded in Austin Bergstrom for March 22, 2026 as reported by the National Weather Service's Climatological Report (Daily), is between 96-97°, then the market resolves to Yes.",between,96,97,94.0,94.0,89.78
Los Angeles,KXHIGHLAX,high,KXHIGHLAX-26MAR22,KXHIGHLAX-26MAR22-T75,2026-03-22,"Will the **high temp in LA** be <75° on Mar 22, 2026?",2026-03-23T07:59:00Z,72.83,73.0,73.0,72.14,0.5,0.3,0.2,0.86,0.0,0.86,3.24,0.825,0.7487,0.7487,0.2513,-0.0763,0.0763,NO,0.0763,0.0713,0.01,0.0,True,True,16,0.82,0.83,2026-03-22T16:08:19.183701+00:00,62.6,,,,station=https://api.weather.gov/stations/KLAX; obs_time=2026-03-22T15:45:00+00:00; obs_temp_f=62.6,"If the highest temperature recorded in Los Angeles Airport, CA for March 22, 2026 as reported by the National Weather Service's Climatological Report (Daily), is less than 75°, then the market resolves to Yes.",less,,75,73.0,73.0,72.14
Austin,KXHIGHAUS,high,KXHIGHAUS-26MAR22,KXHIGHAUS-26MAR22-B90.5,2026-03-22,"Will the **high temp in Austin** be 90-91° on Mar 22, 2026?",2026-03-23T05:59:00Z,93.16,94.0,94.0,89.78,0.5,0.3,0.2,4.22,0.0,4.22,3.8,0.095,0.1635,0.1635,0.8365,0.0685,-0.0685,YES,0.0685,0.0635,0.01,0.0,True,True,16,0.09,0.1,2026-03-22T16:08:26.188530+00:00,73.4,,,,station=https://api.weather.gov/stations/KAUS; obs_time=2026-03-22T15:45:00+00:00; obs_temp_f=73.4,"If the highest temperature recorded in Austin Bergstrom for March 22, 2026 as reported by the National Weather Service's Climatological Report (Daily), is between 90-91°, then the market resolves to Yes.",between,90,91,94.0,94.0,89.78
NYC,KXHIGHNY,high,KXHIGHNY-26MAR22,KXHIGHNY-26MAR22-B62.5,2026-03-22,"Will the **high temp in NYC** be 62-63° on Mar 22, 2026?",2026-03-23T04:59:00Z,63.14,63.0,63.0,63.68,0.5,0.3,0.2,0.68,0.0,0.68,2.5,0.365,0.3015,0.3015,0.6985,-0.0635,0.0635,NO,0.0635,0.0585,0.01,0.0,True,True,16,0.36,0.37,2026-03-22T16:08:15.868976+00:00,48.92,,,,station=https://api.weather.gov/stations/KNYC; obs_time=2026-03-22T15:42:00+00:00; obs_temp_f=48.9,"If the highest temperature recorded in Central Park, New York for March 22, 2026 as reported by the National Weather Service's Climatological Report (Daily), is between 62-63°, then the market resolves to Yes.",between,62,63,63.0,63.0,63.68
